{"cameraMode":{"drawMode":0,"name":"Shaded","section":"Shading Mode"},"sceneLighting":false,"audioPlay":false,"sceneViewState":{"m_AlwaysRefresh":false,"showFog":true,"showSkybox":false,"showFlares":true,"showImageEffects":true,"showParticleSystems":true,"showVisualEffectGraphs":true,"m_FxEnabled":true},"in2DMode":false,"pivot":{"x":977.772216796875,"y":62.12431716918945,"z":298.7536315917969},"rotation":{"x":0.026995785534381868,"y":0.008996421471238137,"z":-0.0002428062871331349,"w":0.9995983839035034},"size":191.51504516601563,"orthographic":false}