{"cameraMode":{"drawMode":0,"name":"Shaded","section":"Shading Mode"},"sceneLighting":false,"audioPlay":false,"sceneViewState":{"m_AlwaysRefresh":false,"showFog":true,"showSkybox":false,"showFlares":true,"showImageEffects":true,"showParticleSystems":true,"showVisualEffectGraphs":true,"m_FxEnabled":true},"in2DMode":false,"pivot":{"x":1191.3408203125,"y":425.29278564453127,"z":-223.00088500976563},"rotation":{"x":0.056831005960702899,"y":-0.06972825527191162,"z":0.003977417480200529,"w":0.995944619178772},"size":187.88316345214845,"orthographic":false}