{"cameraMode":{"drawMode":0,"name":"Shaded","section":"Shading Mode"},"sceneLighting":true,"audioPlay":false,"sceneViewState":{"m_AlwaysRefresh":false,"showFog":true,"showSkybox":true,"showFlares":true,"showImageEffects":true,"showParticleSystems":true,"showVisualEffectGraphs":true,"m_FxEnabled":true},"in2DMode":false,"pivot":{"x":15.358412742614746,"y":-10.082979202270508,"z":23.615631103515626},"rotation":{"x":-0.3058246076107025,"y":0.00770936906337738,"z":-0.0024752537719905378,"w":-0.9520682692527771},"size":22.501802444458009,"orthographic":false}