{"cameraMode":{"drawMode":0,"name":"Shaded","section":"Shading Mode"},"sceneLighting":false,"audioPlay":false,"sceneViewState":{"m_AlwaysRefresh":false,"showFog":true,"showSkybox":false,"showFlares":true,"showImageEffects":true,"showParticleSystems":true,"showVisualEffectGraphs":true,"m_FxEnabled":true},"in2DMode":false,"pivot":{"x":1365.602294921875,"y":112.98477172851563,"z":622.4905395507813},"rotation":{"x":0.12562304735183717,"y":-0.004461857955902815,"z":0.0005664582713507116,"w":0.9920758605003357},"size":764.56103515625,"orthographic":false}