{"cameraMode":{"drawMode":0,"name":"Shaded","section":"Shading Mode"},"sceneLighting":false,"audioPlay":false,"sceneViewState":{"m_AlwaysRefresh":false,"showFog":true,"showSkybox":false,"showFlares":true,"showImageEffects":true,"showParticleSystems":true,"showVisualEffectGraphs":true,"m_FxEnabled":true},"in2DMode":false,"pivot":{"x":646.6433715820313,"y":452.7634582519531,"z":-404.23590087890627},"rotation":{"x":-0.11522967368364334,"y":-0.016085311770439149,"z":0.001870367443189025,"w":-0.9932151436805725},"size":103.07764434814453,"orthographic":false}