{"cameraMode":{"drawMode":0,"name":"Shaded","section":"Shading Mode"},"sceneLighting":true,"audioPlay":false,"sceneViewState":{"m_AlwaysRefresh":false,"showFog":true,"showSkybox":true,"showFlares":true,"showImageEffects":true,"showParticleSystems":true,"showVisualEffectGraphs":true,"m_FxEnabled":true},"in2DMode":false,"pivot":{"x":475.1795959472656,"y":251.83119201660157,"z":219.37034606933595},"rotation":{"x":0.3979193866252899,"y":-0.03164205327630043,"z":0.013731720857322216,"w":0.916785478591919},"size":0.39529600739479067,"orthographic":false}