{"cameraMode":{"drawMode":0,"name":"Shaded","section":"Shading Mode"},"sceneLighting":true,"audioPlay":false,"sceneViewState":{"m_AlwaysRefresh":false,"showFog":true,"showSkybox":true,"showFlares":true,"showImageEffects":true,"showParticleSystems":true,"showVisualEffectGraphs":true,"m_FxEnabled":true},"in2DMode":false,"pivot":{"x":399.04840087890627,"y":332.14935302734377,"z":-677.0909423828125},"rotation":{"x":0.03749251365661621,"y":-0.0008979022386483848,"z":0.00003028679384442512,"w":0.9993152618408203},"size":91.28964233398438,"orthographic":false}