{"cameraMode":{"drawMode":0,"name":"Shaded","section":"Shading Mode"},"sceneLighting":true,"audioPlay":false,"sceneViewState":{"m_AlwaysRefresh":false,"showFog":true,"showSkybox":true,"showFlares":true,"showImageEffects":true,"showParticleSystems":true,"showVisualEffectGraphs":true,"m_FxEnabled":true},"in2DMode":false,"pivot":{"x":488.6073303222656,"y":287.5469970703125,"z":-257.1484680175781},"rotation":{"x":0.10032882541418076,"y":-0.012895054183900357,"z":0.0012746271677315236,"w":0.994932234287262},"size":29.815227508544923,"orthographic":false}