{"cameraMode":{"drawMode":0,"name":"Shaded","section":"Shading Mode"},"sceneLighting":true,"audioPlay":false,"sceneViewState":{"m_AlwaysRefresh":false,"showFog":true,"showSkybox":true,"showFlares":true,"showImageEffects":true,"showParticleSystems":true,"showVisualEffectGraphs":true,"m_FxEnabled":true},"in2DMode":false,"pivot":{"x":841.53369140625,"y":357.213134765625,"z":15.913743019104004},"rotation":{"x":-0.1003318652510643,"y":-0.0009029463981278241,"z":0.00009649796993471682,"w":-0.9949646592140198},"size":302.44598388671877,"orthographic":false}